<?xml version="1.0" encoding="UTF-8" standalone="yes"?>
<addon id="plugin.video.primaplay" name="iPrima" version="0.4.4" provider-name="Ladislav Dokulil, Roman Smolka, wombat">
  <requires>
    <import addon="xbmc.python" version="2.1.0"/>
    <import addon="script.module.youtube.dl" version="14.810.0"/>
  </requires>
  <extension point="xbmc.python.pluginsource" library="default.py">
    <provides>video</provides>
  </extension>
  <extension point="xbmc.addon.metadata">
    <summary>iPrima</summary>
	<description>Plugin to play videos from iPrima archive</description>
    <description lang="cs">Plugin nabízí přístup do archivu iPrima.</description>
    <platform>all</platform>
  </extension>
</addon>
