<?xml version="1.0" encoding="UTF-8"?>
<addon id="repository.kodi"
  version="1.0.0"
  name="Kodi CZ Doplňky"
  provider-name="Kodi CZ">
  <extension point="xbmc.addon.repository"
    name="repozitář">
    <info compressed="false">https://github.com/lama18/repository/blob/master/addons.xml</info>
    <checksum>https://github.com/lama18/repository/blob/master/addons.xml.md5</checksum>
    <datadir zip="true">https://github.com/lama18/repository/tree/master/repo</datadir>
  </extension>
  <extension point="xbmc.addon.metadata">
    <summary>Kodi CZ Doplňky</summary>
    <description>
      This repository contains mostly video addons for czech users. [CR] Please send feedback, patches or fire any issues on http://xbmc-doplnky.googlecode.com
    </description>
    <platform>all</platform>
    <language>cs sk</language>
  </extension>
</addon>
