<?xml version="1.0" encoding="UTF-8"?>
<addon id="repository.kodi"
        name="Kodi Doplňky repozitář" 
        version="0.0.2"
        provider-name="lama18">
        
    <extension point="xbmc.addon.repository">
        <info compressed="false">https://raw.githubusercontent.com/lama18/repository/master/repo/addons.xml</info>
        <checksum verify="sha256">https://raw.githubusercontent.com/lama18/repository/master/repo/addons.xml.sha256</checksum>
        <datadir zip="true">https://raw.githubusercontent.com/lama18/repository/master/repo/</datadir>
        <hashes>sha256</hashes>
    </extension>

    <extension point="xbmc.addon.metadata">
        <platform>all</platform>
        <summary>Doplňky pro Kodi</summary>
        <description>Doplňky pro Kodi</description>
    </extension>
</addon>
