<?xml version="1.0" encoding="UTF-8" standalone="yes"?>
<addon id="plugin.video.dmd-czech.stream"
       name="Stream.cz"
       version="1.3.1"
       provider-name="Jiri Vyhnalek, wombat">
  <requires>
    <import addon="xbmc.python" version="2.1.0"/>
  </requires>
  <extension point="xbmc.python.pluginsource" library="default.py">
    <provides>video</provides>
  </extension>
  <extension point="xbmc.addon.metadata">
    <platform>all</platform>
    <summary>Stream TV video-archive plugin</summary>
    <summary lang="cs">Stream TV - archiv</summary>
    <summary lang="sk">Stream TV - archív</summary>
    <description>
        Přinášíme originální pořady a seriály z vlastní produkce. Bavte se s námi. Kdykoliv a odkudkoliv.
    </description>
    <description lang="cs">
        Přinášíme originální pořady a seriály z vlastní produkce. Bavte se s námi. Kdykoliv a odkudkoliv.
    </description>
    <description lang="sk">
        Přinášíme originální pořady a seriály z vlastní produkce. Bavte se s námi. Kdykoliv a odkudkoliv.
    </description>
    <source>https://github.com/lama18/plugin.video.dmd-czech.stream</source>
  </extension>
</addon>
