<?xml version="1.0" encoding="UTF-8" standalone="yes"?>
<addon id="plugin.video.dmd-czech.xtv"
       name="XTV.cz"
       version="1.0.7"
       provider-name="wombat">
  <requires>
    <import addon="xbmc.python" version="2.1.0"/>
    <import addon="script.module.requests"/>
    <import addon="script.module.beautifulsoup4"/>
  </requires>
  <extension point="xbmc.python.pluginsource" library="addon.py">
    <provides>video</provides>
  </extension>
  <extension point="xbmc.addon.metadata">
    <platform>all</platform>
    <summary>XTV.cz - Nezávislá internetová televize</summary>
    <description>
       XTV je nezávislá internetová televize, která má ambici přinášet svým divákům rozhovory s osobnostmi českého veřejného života – jejich postoje, názory, stanoviska, argumenty i aktuální komentáře přímo do jejich počítačů či mobilních zařízení.
    </description>
    <source>https://github.com/lama18/plugin.video.dmd-czech.xtv</source>
  </extension>
</addon>
