<?xml version="1.0" encoding="UTF-8"?>
<addon id="repository.kodi-cz"
        name="Kodi CZ - Repozitář doplňků" 
        version="1.0.0"
        provider-name="lama18">
        
    <extension point="xbmc.addon.repository">
        <info>https://raw.githubusercontent.com/lama18/repository.kodi-cz/master/repo/addons.xml.gz</info>
        <checksum verify="sha256">https://raw.githubusercontent.com/lama18/repository.kodi-cz/master/repo/addons.xml.sha256</checksum>
        <datadir zip="true">https://raw.githubusercontent.com/lama18/repository.kodi-cz/master/repo/</datadir>
        <hashes>sha256</hashes>
    </extension>

    <extension point="xbmc.addon.metadata">
        <platform>all</platform>
        <summary>České doplňky pro Kodi</summary>
        <description>České doplňky pro Kodi</description>
    </extension>
</addon>
